id,first_name,last_name,email,gender,ip_address
1,Monique,Drieu,mdrieu0@a8.net,Male,75.232.8.240
2,Donica,Hindenberger,dhindenberger1@youtu.be,Female,243.133.165.91
3,Mervin,Drabble,mdrabble2@economist.com,Male,21.15.211.73
4,Molli,O'Hingerty,mohingerty3@51.la,Male,248.166.222.81
5,Bealle,Karlmann,bkarlmann4@last.fm,Bigender,228.249.111.196
6,Tobin,Peret,tperet5@w3.org,Female,37.82.132.20
7,Tarrah,Skule,tskule6@seattletimes.com,Female,202.193.24.168
8,Raquel,Trevance,rtrevance7@wikia.com,Male,156.216.255.108
9,Betteanne,Tatum,btatum8@gnu.org,Female,135.15.228.98
10,Keslie,Judkin,kjudkin9@163.com,Male,138.5.248.15311